	dataset	perc	n_ic
1	GTEx	23.09909351514682	14907
1	CHESS3	19.985521852067397	14080
1	ENCODE4	35.909172321837254	18044
1	PODER	24.699130687459135	10200
