	dataset	perc	n_ic
0	GTEx	76.90090648485318	49628
0	CHESS3	80.0144781479326	56371
0	ENCODE4	64.09082767816275	32205
0	PODER	75.30086931254087	31097
